CarType, Year, Color, Miles
Sedan, 2014, Red, 169498
Truck, 1979, Silver, 74027
Truck, 2022, Red, 14221
Sedan, 1992, Red, 82886
Sedan, 2021, Red, 92853
Minivan, 1985, Silver, 177040
Minivan, 2009, Red, 100889
Sedan, 2012, Green, 4397
Minivan, 1978, Black, 44825
Truck, 2001, Red, 123737
Sedan, 2012, Black, 82638
Minivan, 1993, Silver, 30986
Van, 2023, Red, 207947
Sedan, 2006, Silver, 33459
Truck, 1985, Black, 228640
Van, 2008, Blue, 31308
Car, 2020, Green, 155731
Sedan, 1988, Silver, 148828
Sedan, 1988, Blue, 170487
Minivan, 2010, Red, 225
Minivan, 2015, Red, 211895
Sedan, 2002, Red, 55652
Minivan, 1976, Red, 214312
Car, 1993, Silver, 105496
Sedan, 1992, Green, 234380
Sedan, 2012, Silver, 59258
Sedan, 1982, Red, 8124
Sedan, 2017, Green, 91567
Van, 2005, Red, 35259
Sedan, 1984, Silver, 109130
Car, 2004, Blue, 197991
Truck, 1990, Silver, 242965
Minivan, 1982, Silver, 116649
Sedan, 1976, Red, 161077
Van, 1979, Black, 12273
Sedan, 1991, Silver, 155848
Sedan, 1974, Black, 236268
Sedan, 2009, Blue, 229783
Truck, 1990, Black, 18544
Sedan, 1987, Red, 12038
Car, 2004, Red, 224572
Truck, 2003, Red, 155265
Sedan, 1977, Red, 82331
Sedan, 2011, Silver, 79567
Sedan, 2003, Silver, 178095
Sedan, 1981, Green, 218160
Sedan, 2022, Green, 215095
Sedan, 1997, Red, 142224
Van, 1985, Blue, 225483
Car, 1992, Red, 233651
Sedan, 1989, Black, 66044
Car, 2000, Black, 225865
Sedan, 1984, Blue, 80775
Minivan, 1985, Red, 82553
Sedan, 2014, Green, 101488
Van, 1992, Red, 93767
Sedan, 2015, Blue, 224121
Sedan, 1982, Red, 67519
Truck, 1978, Red, 87338
Truck, 2017, Green, 244521
Car, 1988, Red, 231736
Minivan, 1980, Blue, 196629
Car, 2000, Red, 57456
Sedan, 1986, Red, 84430
Truck, 2022, Red, 168858
Sedan, 1996, Black, 24121
Sedan, 1975, Black, 10808
Minivan, 1991, Red, 90916
Sedan, 2007, Red, 194870
Sedan, 1995, Red, 55881
Truck, 1986, Blue, 126425
Van, 2010, Green, 93322
Car, 1992, Red, 237122
Sedan, 1981, Blue, 226820
Sedan, 2023, Black, 83770
Minivan, 2010, Blue, 93886
Minivan, 1987, Black, 87013
Minivan, 1985, Green, 14969
Sedan, 2000, Silver, 47329
Sedan, 1993, Blue, 137359
Minivan, 1983, Blue, 184933
Truck, 1987, Blue, 60437
Sedan, 2004, Red, 116868
Van, 1999, Red, 150778
Truck, 2005, Black, 140393
Sedan, 1979, Blue, 91176
Van, 2011, Blue, 125755
Van, 2013, Black, 111248
Sedan, 1997, Silver, 44824
Sedan, 2003, Green, 101984
Sedan, 2005, Silver, 92235
Sedan, 2007, Red, 53166
Truck, 1977, Silver, 66135
Minivan, 1998, Red, 64171
Van, 1979, Black, 6395
Van, 2016, Silver, 161746
Minivan, 2009, Blue, 135981
Minivan, 2000, Green, 132136
Sedan, 2020, Red, 207377
Van, 1985, Black, 107995
Sedan, 2008, Silver, 51842
Sedan, 2008, Green, 125525
Sedan, 2012, Red, 116597
Sedan, 2008, Black, 146504
Van, 1975, Black, 140074
Sedan, 2010, Green, 18322
Sedan, 2005, Blue, 215804
Sedan, 2004, Red, 73992
Sedan, 1981, Red, 195774
Sedan, 2004, Red, 242779
Sedan, 2008, Green, 114045
Sedan, 2018, Red, 159896
Sedan, 2019, Black, 38354
Minivan, 2004, Silver, 183265
Van, 2011, Black, 187023
Sedan, 1996, Red, 106071
Sedan, 1991, Red, 238623
Car, 2009, Red, 89617
Minivan, 2001, Green, 120008
Sedan, 2003, Black, 73299
Sedan, 1998, Black, 32681
Minivan, 1996, Black, 43258
Van, 2012, Black, 112334
Sedan, 2012, Red, 68780
Truck, 1995, Red, 68361
Van, 1977, Green, 169515
Van, 1982, Red, 22120
Sedan, 1981, Blue, 130736
Car, 1989, Red, 126884
Car, 2016, Red, 162705
Car, 1977, Silver, 229053
Sedan, 1999, Red, 189517
Sedan, 1981, Black, 104448
Minivan, 1995, Blue, 129404
Car, 2003, Silver, 51107
Sedan, 2010, Red, 21537
Truck, 1990, Blue, 208389
Van, 1989, Black, 247578
Car, 1975, Black, 108768
Sedan, 2018, Black, 97116
Sedan, 2000, Blue, 156057
Sedan, 1989, Red, 44793
Car, 1974, Red, 221372
Van, 1981, Red, 111195
Sedan, 1984, Red, 208434
Minivan, 1988, Blue, 7032
Sedan, 1982, Red, 246732
Sedan, 2006, Silver, 183869
Sedan, 2008, Red, 40470
Sedan, 2002, Red, 63141
Van, 2007, Red, 148359
Sedan, 1984, Green, 13714
Sedan, 1985, Green, 110653
Sedan, 2009, Black, 82864
Sedan, 2016, Silver, 148932
Sedan, 1998, Black, 37510
Van, 2019, Green, 212925
Minivan, 1988, Red, 186933
Van, 2009, Blue, 229784
Sedan, 2012, Green, 72137
Sedan, 1985, Red, 70956
Minivan, 1996, Black, 199957
Car, 2020, Red, 170299
Sedan, 1978, Silver, 12025
Van, 1981, Green, 53793
Car, 2005, Red, 143933
Truck, 2012, Silver, 219988
Sedan, 2000, Black, 185301
Van, 1974, Black, 173202
Minivan, 1997, Red, 167276
Car, 1982, Red, 149655
Sedan, 1999, Red, 151146
Truck, 2008, Black, 232614
Minivan, 1978, Green, 53744
Van, 2005, Silver, 168157
Sedan, 1994, Green, 201561
Minivan, 1983, Blue, 226036
Sedan, 1985, Blue, 132553
Sedan, 2004, Silver, 45787
Truck, 1986, Red, 185263
Car, 2023, Red, 217841
Sedan, 1985, Silver, 24948
Van, 1999, Silver, 48729
Van, 2021, Silver, 114410
Sedan, 2006, Blue, 244580
Car, 1989, Silver, 105759
Van, 2000, Red, 239452
Sedan, 1988, Red, 180058
Sedan, 1976, Silver, 141412
Sedan, 1984, Red, 69610
Sedan, 2010, Red, 173899
Sedan, 1974, Red, 91420
Minivan, 1987, Black, 43415
Van, 1997, Red, 117091
Sedan, 1980, Red, 184620
Sedan, 1988, Black, 176815
Car, 2013, Black, 210933
Sedan, 2010, Blue, 13785
Car, 2006, Red, 97367
Sedan, 1996, Red, 234946
Minivan, 2000, Black, 128882
Sedan, 1975, Black, 164809
Truck, 2006, Silver, 90113
Truck, 1996, Silver, 66212
Sedan, 2015, Red, 128566
Sedan, 2006, Black, 89843
Truck, 1978, Silver, 1137
Minivan, 1996, Red, 213585
Car, 1993, Silver, 169960
Van, 1993, Green, 124628
Truck, 1999, Green, 221550
Minivan, 2009, Black, 220123
Sedan, 2001, Green, 122941
Car, 1978, Red, 29516
Van, 1978, Red, 204365
Sedan, 2003, Red, 38909
Sedan, 2011, Red, 51181
Sedan, 1998, Blue, 170985
Minivan, 2007, Black, 130854
Sedan, 1996, Red, 242456
Van, 1991, Red, 134941
Sedan, 1992, Black, 67706
Car, 1980, Green, 209040
Van, 1993, Blue, 114842
Sedan, 2002, Green, 4117
Truck, 1999, Red, 40668
Sedan, 2022, Silver, 207023
Sedan, 1998, Red, 92464
Van, 1978, Black, 153931
Sedan, 1979, Red, 115231
Sedan, 2010, Blue, 248524
Sedan, 2021, Green, 198667
Sedan, 1982, Black, 173732
Car, 1986, Silver, 25617
Car, 2010, Red, 203501
Sedan, 1974, Black, 28023
Sedan, 1984, Red, 23273
Van, 1985, Silver, 10592
Sedan, 1996, Red, 171991
Car, 2020, Black, 167380
Sedan, 1995, Red, 41295
Sedan, 2003, Green, 242683
Sedan, 2003, Red, 21410
Truck, 1982, Red, 204097
Minivan, 2003, Red, 195341
Minivan, 2002, Red, 104192
Van, 1978, Blue, 151844
Van, 2003, Red, 212027
Truck, 1983, Black, 69576
Van, 1983, Green, 95134
Sedan, 1988, Black, 203044
Car, 1981, Red, 9409
Sedan, 1975, Silver, 156761
Minivan, 2016, Red, 40756
Sedan, 2009, Red, 124199
Sedan, 1975, Red, 239266
Sedan, 1996, Red, 171909
Car, 1974, Black, 15840
Truck, 2013, Green, 111077
Van, 1998, Blue, 123708
Sedan, 2013, Red, 102211
Sedan, 1988, Black, 189616
Car, 2005, Black, 3300
Car, 2016, Silver, 49038
Minivan, 2021, Red, 165161
Sedan, 1995, Black, 233955
Sedan, 1990, Silver, 40059
Sedan, 1982, Red, 144997
Sedan, 2007, Red, 180334
Sedan, 2022, Green, 207783
Sedan, 2022, Silver, 161696
Van, 2011, Blue, 203106
Truck, 1984, Silver, 235880
Truck, 1997, Red, 155051
Minivan, 2017, Black, 209849
Sedan, 2020, Green, 208434
Car, 2023, Black, 151726
Car, 2001, Red, 66302
Car, 2010, Red, 69885
Sedan, 1999, Blue, 104291
Van, 1981, Black, 70231
Minivan, 2004, Red, 199341
Van, 1992, Red, 207683
Minivan, 1978, Red, 154116
Car, 1983, Silver, 172824
Sedan, 2016, Red, 24792
Sedan, 1975, Red, 164305
Sedan, 1977, Red, 131045
Sedan, 1988, Red, 13448
Minivan, 2005, Silver, 171581
Minivan, 2005, Red, 99614
Car, 2017, Blue, 72082
Sedan, 1997, Silver, 139022
Van, 2002, Red, 41291
Sedan, 2016, Green, 162207
Sedan, 2020, Green, 52843
Minivan, 1993, Red, 245920
Minivan, 1983, Silver, 35295
Sedan, 2015, Black, 34908
Car, 1982, Black, 146190
Sedan, 2016, Black, 153702
Sedan, 1981, Black, 240025
Sedan, 1983, Blue, 186635
Car, 2007, Silver, 12554
Car, 2007, Black, 135956
Truck, 1989, Green, 71510
Truck, 2002, Black, 24547
Truck, 2012, Green, 223325
Van, 1988, Black, 110258
Sedan, 2012, Blue, 101910
Car, 2006, Red, 153705
Sedan, 2004, Red, 44341
Minivan, 1994, Red, 60119
Car, 1994, Green, 159111
Sedan, 2012, Silver, 44437
Sedan, 2016, Red, 235266
Car, 1998, Red, 227080
Car, 1975, Black, 196631
Sedan, 1987, Blue, 89166
Sedan, 1978, Green, 240306
Truck, 1994, Silver, 68493
Sedan, 2009, Silver, 103222
Truck, 1977, Red, 193544
Car, 1999, Red, 42098
Car, 1983, Red, 151196
Car, 1990, Green, 18256
Minivan, 2016, Green, 88076
Minivan, 1982, Red, 50771
Van, 1993, Red, 181034
Car, 2020, Red, 204390
Car, 2017, Red, 165103
Sedan, 2013, Red, 128289
Truck, 2020, Black, 129328
Car, 2023, Blue, 30677
Truck, 2011, Red, 122009
Minivan, 1993, Black, 53436
Sedan, 2003, Red, 164387
Car, 1982, Red, 109452
Sedan, 2023, Green, 18031
Sedan, 1991, Red, 208675
Minivan, 2008, Blue, 112089
Sedan, 1988, Silver, 33881
Van, 2015, Blue, 5720
Truck, 1978, Red, 68755
Sedan, 1986, Red, 173434
Minivan, 1989, Red, 17659
Truck, 1989, Blue, 81546
Sedan, 1988, Silver, 30507
Car, 1975, Blue, 131244
Truck, 2020, Red, 55457
Sedan, 1984, Red, 162285
Sedan, 1995, Silver, 248889
Truck, 1983, Green, 221429
Minivan, 2009, Blue, 135785
Sedan, 1993, Red, 73510
Car, 2011, Red, 155533
Van, 2004, Green, 187147
Truck, 1995, Red, 79281
Sedan, 2018, Green, 211228
Truck, 1985, Silver, 225477
Minivan, 1996, Red, 150391
Sedan, 1982, Red, 91319
Van, 1997, Red, 204805
Sedan, 2015, Green, 73679
Van, 2003, Blue, 229388
Van, 2000, Black, 234028
Sedan, 1984, Black, 207945
Truck, 1985, Red, 181913
Truck, 2009, Blue, 60899
Van, 1991, Silver, 73580
Van, 2001, Black, 46493
Truck, 2010, Black, 156499
Van, 2012, Red, 147602
Car, 2016, Red, 68871
Truck, 1999, Silver, 157065
Minivan, 1994, Silver, 38218
Sedan, 1980, Black, 94992
Sedan, 1987, Silver, 52090
Minivan, 1994, Black, 13825
Truck, 2019, Red, 66142
Car, 2002, Red, 154546
Car, 1996, Red, 71701
Truck, 1979, Silver, 106974
Car, 2011, Red, 170172
Van, 2007, Blue, 42911
Minivan, 1995, Silver, 141110
Sedan, 1986, Silver, 52342
Van, 1981, Silver, 167603
Truck, 2012, Red, 162990
Truck, 2003, Red, 57243
Truck, 2021, Green, 170174
Sedan, 2020, Red, 180338
Truck, 1981, Silver, 3909
Minivan, 1978, Blue, 20371
Sedan, 2016, Green, 34222
Sedan, 1989, Red, 228247
Sedan, 2018, Green, 71227
Truck, 1997, Silver, 14989
Minivan, 1987, Silver, 124796
Sedan, 1998, Black, 51473
Sedan, 2000, Green, 153607
Truck, 2021, Red, 88439
Sedan, 1995, Silver, 209550
Sedan, 2006, Red, 141694
Sedan, 1997, Red, 226990
Van, 1991, Blue, 245263
Sedan, 1977, Black, 126540
Van, 2018, Red, 199932
Truck, 2014, Red, 233640
Sedan, 1983, Red, 172275
Sedan, 1986, Black, 237019
Van, 1989, Silver, 200603
Sedan, 1977, Silver, 213498
Sedan, 1982, Red, 118628
Car, 2002, Black, 148946
Van, 1985, Red, 47000
Minivan, 2009, Green, 12332
Car, 2006, Silver, 34846
Van, 2009, Black, 248472
Sedan, 2000, Blue, 230307
Sedan, 1977, Blue, 52291
Minivan, 2017, Silver, 8960
Minivan, 1998, Black, 202323
Sedan, 1996, Red, 223865
Sedan, 1995, Red, 152247
Truck, 2009, Red, 123514
Sedan, 1987, Silver, 161129
Van, 1986, Black, 54042
Van, 1987, Silver, 207117
Minivan, 1995, Red, 67161
Minivan, 1986, Blue, 248305
Truck, 2010, Red, 93571
Minivan, 1981, Green, 233357
Sedan, 1975, Red, 198236
Minivan, 2010, Blue, 175538
Sedan, 1974, Black, 36323
Van, 1978, Red, 221900
Sedan, 1980, Blue, 49345
Sedan, 2019, Blue, 208482
Sedan, 1982, Silver, 4729
Van, 1987, Blue, 162018
Minivan, 1975, Red, 151495
Minivan, 1997, Blue, 119319
Car, 2003, Silver, 39683
Minivan, 2011, Red, 213541
Sedan, 2011, Red, 170269
Van, 2001, Silver, 86889
Truck, 1982, Black, 165984
Minivan, 2011, Silver, 174875
Sedan, 1998, Green, 158976
Minivan, 1979, Red, 9341
Sedan, 2008, Blue, 225901
Sedan, 1982, Black, 26778
Sedan, 1977, Red, 212176
Van, 2006, Green, 132794
Truck, 2020, Blue, 149403
Truck, 1981, Black, 191146
Car, 2004, Red, 136443
Van, 1974, Green, 95222
Truck, 2011, Silver, 74375
Car, 1989, Blue, 129425
Truck, 1985, Green, 191583
Van, 1989, Red, 56665
Sedan, 1988, Blue, 166511
Van, 1991, Red, 26197
Sedan, 1984, Blue, 146539
Car, 1985, Silver, 219384
Car, 1987, Blue, 223907
Minivan, 1979, Green, 6141
Sedan, 1996, Blue, 113246
Car, 2000, Green, 15354
Sedan, 1983, Green, 22304
Van, 1998, Black, 224559
Sedan, 1993, Blue, 8965
Sedan, 1981, Black, 125718
Sedan, 2007, Red, 216229
Sedan, 1981, Green, 54210
Sedan, 1992, Silver, 167600
Sedan, 1979, Green, 134114
Truck, 1987, Green, 190017
Minivan, 2012, Red, 48572
Sedan, 2006, Black, 246109
Van, 2018, Red, 19396
Sedan, 2004, Red, 214834
Van, 2011, Black, 146100
Minivan, 1974, Red, 249034
Van, 2018, Green, 216067
Van, 2017, Green, 101303
Truck, 1991, Red, 189313
Van, 1976, Red, 232054
Van, 1988, Red, 5174
Sedan, 1997, Red, 207294
Truck, 2014, Green, 63208
Car, 1999, Blue, 113856
Sedan, 1985, Red, 37571
Van, 2004, Green, 204326
Minivan, 1987, Red, 18672
Van, 2020, Red, 242453
Minivan, 1993, Green, 47905
Minivan, 2014, Red, 215597
Sedan, 1979, Black, 227200
Car, 2020, Black, 130165
Sedan, 1980, Blue, 249269
Sedan, 1983, Red, 188209
Truck, 1992, Silver, 59007
Van, 2016, Blue, 207774
Truck, 2017, Green, 176007
Car, 2020, Silver, 190914
Sedan, 2006, Silver, 36194
Car, 1982, Red, 216478
Van, 1996, Black, 75613
Truck, 1983, Silver, 57165
Truck, 1982, Black, 96768
Car, 2021, Red, 52004
Sedan, 2011, Green, 71614
Van, 2020, Silver, 117330
Sedan, 2010, Black, 14881
Truck, 1983, Red, 35775
Minivan, 1975, Red, 124799
Van, 1991, Green, 22862
Sedan, 2021, Black, 247353
Minivan, 1998, Red, 234732
Sedan, 1979, Green, 174745
Van, 1981, Red, 197168
Car, 1995, Green, 4081
Truck, 2022, Red, 198427
Van, 1993, Silver, 95280
Van, 2013, Green, 164711
Car, 2002, Black, 12045
Sedan, 2023, Red, 42202
Car, 1983, Red, 22268
Sedan, 1994, Green, 81762
Truck, 2004, Red, 131542
Sedan, 2016, Green, 19607
Truck, 2012, Green, 109042
Sedan, 2004, Red, 186381
Truck, 2011, Black, 171713
Minivan, 1994, Blue, 37409
Minivan, 1988, Red, 215355
Van, 1991, Green, 216521
Van, 2016, Red, 235684
Sedan, 2000, Red, 35575
Van, 2014, Blue, 6875
Sedan, 2009, Silver, 227652
Van, 2008, Red, 53415
Minivan, 2010, Blue, 4454
Truck, 1980, Red, 175498
Car, 1991, Silver, 177676
Car, 2014, Green, 238832
Sedan, 2017, Red, 123502
Sedan, 1976, Green, 106878
Van, 2004, Blue, 22495
Sedan, 2000, Red, 220245
Sedan, 1977, Red, 51933
Sedan, 1982, Red, 176190
Car, 2019, Red, 78973
Sedan, 2018, Black, 76220
Sedan, 2020, Green, 113825
Sedan, 2002, Black, 6719
Minivan, 2012, Silver, 194259
Car, 1979, Red, 164893
Van, 2022, Red, 231657
Sedan, 1975, Black, 114105
Van, 2000, Black, 133569
Van, 1977, Silver, 69774
Truck, 2010, Green, 125316
Van, 1986, Silver, 180898
Van, 2017, Red, 81668
Truck, 1982, Silver, 192805
Van, 2016, Red, 61695
Car, 1995, Red, 224193
Sedan, 2023, Blue, 52235
Minivan, 1975, Blue, 243193
Sedan, 2011, Red, 105258
Truck, 1988, Red, 175532
Car, 1994, Black, 17333
Sedan, 1993, Silver, 178240
Truck, 1985, Black, 200275
Sedan, 2006, Red, 230489
Truck, 1977, Black, 14992
Van, 2008, Red, 32753
Van, 2014, Silver, 244232
Car, 1984, Black, 126127
Sedan, 1999, Blue, 153435
Truck, 2006, Red, 124386
Van, 2018, Black, 24008
Sedan, 2013, Silver, 10965
Minivan, 2010, Red, 44468
Sedan, 2012, Green, 222122
Van, 2000, Red, 231537
Car, 2019, Red, 94897
Van, 2022, Blue, 43690
Sedan, 2023, Blue, 248272
Sedan, 1991, Red, 139683
Van, 2009, Red, 214457
Truck, 2021, Green, 120923
Sedan, 2013, Red, 88297
Sedan, 1999, Blue, 114155
Sedan, 2017, Green, 79173
Sedan, 1994, Red, 50469
Van, 2019, Red, 234188
Sedan, 1984, Green, 66727
Sedan, 1984, Green, 6090
Truck, 2001, Green, 96168
Sedan, 1994, Silver, 37904
Minivan, 1976, Silver, 66471
Truck, 2017, Red, 236527
Sedan, 2011, Green, 94689
Van, 1994, Silver, 196508
Van, 1977, Green, 21481
Van, 2003, Silver, 215722
Sedan, 1981, Green, 201983
Sedan, 2011, Black, 192997
Sedan, 1989, Red, 95308
Van, 2006, Red, 68419
Car, 2006, Green, 198146
Sedan, 1989, Red, 110067
Sedan, 1994, Red, 171197
Sedan, 2021, Silver, 33135
Minivan, 2012, Red, 140134
Sedan, 1986, Green, 109659
Van, 1988, Blue, 90300
Sedan, 2019, Silver, 103253
Truck, 1999, Black, 15787
Truck, 1995, Blue, 36421
Van, 1992, Red, 87959
Sedan, 1986, Red, 155292
Sedan, 2014, Red, 98639
Truck, 2013, Silver, 168118
Sedan, 1981, Silver, 157692
Sedan, 1999, Black, 538
Truck, 2000, Green, 45969
Minivan, 2013, Blue, 62950
Sedan, 1979, Black, 177050
Car, 2007, Red, 62101
Minivan, 2000, Red, 17887
Sedan, 2016, Red, 128378
Truck, 1990, Green, 217727
Sedan, 1982, Black, 110116
Sedan, 2018, Blue, 96999
Truck, 2019, Red, 124314
Minivan, 2000, Red, 66875
Sedan, 2015, Red, 129790
Sedan, 2017, Green, 33001
Sedan, 1978, Red, 53580
Sedan, 1976, Green, 151803
Car, 2005, Green, 116025
Sedan, 1977, Red, 214370
Truck, 1978, Black, 20406
Minivan, 1976, Green, 125213
Minivan, 2020, Blue, 188187
Van, 2016, Green, 198754
Van, 1991, Red, 71838
Truck, 2003, Silver, 61329
Sedan, 1980, Silver, 184476
Sedan, 2010, Red, 81574
Sedan, 2004, Red, 12876
Van, 1974, Blue, 56213
Sedan, 2016, Blue, 132913
Car, 1996, Black, 157086
Sedan, 2009, Silver, 82854
Sedan, 2022, Red, 81080
Sedan, 1991, Red, 217537
Sedan, 1995, Red, 180663
Sedan, 1983, Silver, 90178
Sedan, 1985, Blue, 69943
Car, 2007, Red, 247826
Sedan, 2020, Black, 21760
Sedan, 2012, Silver, 106775
Sedan, 1994, Blue, 65874
Truck, 1995, Red, 187980
Sedan, 2011, Silver, 94632
Sedan, 1983, Red, 7403
Car, 2023, Red, 99975
Van, 1981, Red, 98740
Sedan, 1986, Blue, 70093
Car, 1990, Blue, 45125
Minivan, 1978, Black, 16340
Minivan, 1980, Green, 19138
Truck, 2001, Red, 118606
Truck, 1978, Black, 195579
Car, 1991, Blue, 212712
Sedan, 1993, Silver, 71978
Van, 2015, Red, 238297
Car, 2001, Red, 62916
Truck, 2013, Black, 214497
Sedan, 1989, Silver, 242149
Sedan, 1999, Black, 110956
Sedan, 2010, Green, 212118
Sedan, 2008, Black, 146511
Minivan, 2013, Green, 49608
Sedan, 1998, Silver, 5655
Sedan, 2010, Green, 153896
Sedan, 2023, Silver, 77342
Truck, 2021, Red, 165515
Sedan, 2008, Silver, 174295
Truck, 2014, Red, 212608
Sedan, 2005, Black, 124303
Minivan, 2019, Red, 245875
Sedan, 1988, Red, 213132
Sedan, 1983, Green, 142389
Car, 1997, Red, 122143
Sedan, 2003, Green, 207575
Van, 2001, Red, 223571
Sedan, 1988, Red, 78222
Minivan, 1995, Silver, 165197
Car, 2003, Red, 114893
Minivan, 1996, Blue, 9180
Truck, 2008, Red, 216384
Sedan, 1998, Red, 35271
Sedan, 2020, Green, 138461
Van, 1975, Red, 199444
Sedan, 2008, Black, 64467
Van, 2002, Green, 202285
Car, 1985, Red, 202252
Van, 2020, Red, 159850
Truck, 2009, Silver, 200988
Van, 2023, Red, 48971
Car, 1978, Red, 185921
Minivan, 2013, Black, 21597
Truck, 2009, Black, 241090
Minivan, 1999, Red, 248482
Minivan, 1990, Red, 2466
Truck, 1991, Red, 35163
Sedan, 1994, Red, 75709
Van, 1995, Green, 106255
Sedan, 1978, Red, 1559
Car, 2018, Black, 35442
Van, 2010, Red, 67793
Sedan, 1987, Blue, 118577
Sedan, 2012, Blue, 190213
Van, 1994, Red, 230850
Van, 1998, Black, 84935
Truck, 1994, Silver, 1975
Car, 2018, Red, 7300
Minivan, 1987, Silver, 149705
Van, 2023, Black, 228388
Sedan, 2013, Blue, 84846
Car, 2011, Black, 193896
Sedan, 1976, Red, 62581
Van, 2009, Black, 141294
Sedan, 2013, Blue, 111078
Van, 2000, Red, 233082
Car, 2018, Red, 151988
Car, 1999, Silver, 68061
Sedan, 2020, Green, 219692
Van, 2003, Red, 126640
Truck, 1990, Green, 162853
Minivan, 1985, Red, 137622
Sedan, 1977, Black, 158448
Sedan, 1978, Black, 39503
Sedan, 2018, Red, 194152
Sedan, 1988, Green, 120849
Sedan, 2012, Blue, 204560
Car, 2002, Green, 206783
Sedan, 2004, Silver, 102265
Sedan, 2012, Green, 154644
Minivan, 1979, Red, 59579
Van, 2006, Red, 60614
Car, 2010, Black, 243096
Minivan, 1977, Blue, 93045
Sedan, 1990, Green, 96942
Sedan, 1985, Red, 105931
Sedan, 2009, Green, 43315
Van, 1994, Red, 191723
Minivan, 1996, Red, 106601
Sedan, 2019, Red, 134499
Truck, 2018, Green, 201353
Sedan, 2016, Black, 51276
Sedan, 1985, Red, 42585
Van, 2002, Silver, 15430
Car, 2000, Red, 238712
Minivan, 1983, Red, 26975
Car, 1981, Silver, 3134
Van, 2019, Silver, 35770
Sedan, 2005, Black, 156607
Minivan, 1992, Red, 131930
Minivan, 1980, Blue, 146742
Sedan, 2001, Green, 161478
Truck, 1994, Silver, 111276
Truck, 2008, Red, 35044
Truck, 1996, Blue, 146384
Sedan, 2008, Green, 179488
Sedan, 2020, Black, 137501
Sedan, 2012, Silver, 9027
Van, 1990, Red, 176153
Sedan, 1996, Blue, 104062
Truck, 2004, Black, 10098
Sedan, 1975, Black, 232350
Truck, 2012, Blue, 159937
Truck, 2002, Green, 45239
Sedan, 2006, Red, 80136
Truck, 1992, Red, 46955
Minivan, 2008, Black, 116293
Minivan, 2015, Red, 98994
Truck, 1992, Blue, 216543
Sedan, 2016, Green, 13649
Truck, 1982, Red, 54629
Car, 2001, Red, 35221
Van, 2022, Silver, 67204
Truck, 1976, Green, 146246
Sedan, 2013, Red, 96783
Truck, 1986, Red, 129319
Van, 2011, Red, 159206
Sedan, 1984, Silver, 218897
Car, 2023, Black, 42001
Sedan, 2006, Blue, 225437
Sedan, 2019, Black, 179700
Truck, 1981, Silver, 241513
Van, 2011, Black, 20171
Van, 1984, Silver, 233455
Minivan, 1986, Green, 63308
Minivan, 2016, Silver, 120355
Minivan, 1988, Red, 8521
Minivan, 2023, Green, 144291
Car, 1984, Black, 186685
Minivan, 1978, Red, 106887
Truck, 2019, Red, 189692
Minivan, 2003, Silver, 117184
Minivan, 1998, Green, 206213
Sedan, 1998, Red, 60122
Van, 1999, Blue, 224161
Truck, 2004, Green, 199019
Minivan, 1981, Red, 195731
Van, 2017, Red, 166451
Truck, 1982, Black, 112423
Van, 1997, Black, 230604
Van, 1982, Silver, 226564
Sedan, 2021, Red, 106026
Truck, 1991, Red, 129980
Minivan, 2015, Red, 194922
Van, 1975, Red, 211545
Minivan, 1983, Red, 242996
Truck, 2006, Green, 30335
Truck, 1974, Blue, 79881
Van, 1985, Red, 23199
Sedan, 2021, Silver, 75239
Van, 1987, Red, 61007
Minivan, 2006, Black, 149602
Sedan, 1993, Silver, 204340
Sedan, 2014, Green, 12699
Truck, 2006, Silver, 44986
Minivan, 2006, Black, 102074
Van, 2022, Red, 104839
Sedan, 2002, Red, 27189
Minivan, 2018, Red, 97182
Truck, 2006, Blue, 172025
Van, 2008, Red, 168135
Sedan, 1999, Silver, 50029
Car, 2005, Red, 171050
Sedan, 1984, Red, 24756
Truck, 1975, Silver, 148755
Truck, 2003, Green, 21369
Sedan, 1991, Green, 214060
Minivan, 2003, Green, 164562
Sedan, 1981, Red, 172456
Minivan, 2022, Red, 24799
Sedan, 1980, Blue, 114307
Sedan, 1996, Red, 6009
Sedan, 1997, Red, 10197
Sedan, 2014, Blue, 115509
Car, 2022, Black, 148062
Van, 2019, Red, 127281
Sedan, 2014, Green, 39497
Truck, 1986, Green, 92259
Minivan, 2000, Red, 81306
Truck, 1984, Green, 161103
Car, 2007, Red, 38914
Car, 2002, Green, 156639
Van, 1976, Green, 61479
Sedan, 1978, Red, 100634
Sedan, 2008, Silver, 145502
Sedan, 2020, Blue, 201711
Sedan, 1986, Blue, 161587
Sedan, 2002, Green, 16712
Sedan, 1979, Green, 47389
Car, 2010, Red, 50874
Minivan, 1981, Black, 85548
Car, 2020, Green, 107553
Sedan, 1990, Red, 64908
Car, 2014, Red, 147206
Truck, 1997, Black, 225234
Minivan, 1978, Blue, 134522
Van, 2008, Red, 4395
Sedan, 2015, Blue, 239610
Car, 1991, Red, 16113
Car, 2016, Green, 21371
Van, 1997, Blue, 207879
Sedan, 2012, Red, 36764
Car, 2017, Blue, 110282
Sedan, 1987, Red, 216152
Sedan, 2017, Red, 228384
Car, 1998, Red, 138099
Sedan, 1974, Blue, 153706
Truck, 2015, Silver, 248554
Minivan, 2014, Green, 78595
Sedan, 2005, Red, 188277
Car, 1979, Black, 42752
Sedan, 1987, Red, 241926
Sedan, 1981, Blue, 88895
Van, 1983, Black, 116905
Truck, 2005, Silver, 127978
Van, 1991, Red, 152676
Sedan, 1979, Red, 15299
Minivan, 1983, Green, 9334
Sedan, 1984, Red, 26407
Truck, 1994, Red, 156377
Car, 1985, Green, 82188
Van, 2009, Red, 129251
Car, 1987, Red, 207236
Minivan, 1997, Silver, 153885
Sedan, 1990, Green, 157304
Truck, 1977, Red, 229213
Car, 2022, Red, 228581
Sedan, 2022, Black, 38953
Truck, 1994, Red, 183737
Sedan, 1988, Black, 34472
Sedan, 1980, Black, 213541
Sedan, 1995, Red, 242788
Car, 2007, Black, 65131
Minivan, 1978, Blue, 116585
Van, 2023, Red, 90480
Truck, 2010, Green, 18979
Sedan, 2000, Blue, 67083
Sedan, 2020, Silver, 18116
Car, 2011, Red, 213332
Minivan, 1981, Black, 35067
Truck, 1982, Silver, 225013
Truck, 2009, Red, 93949
Minivan, 2008, Red, 2220
Sedan, 1999, Red, 99215
Sedan, 2012, Green, 102022
Sedan, 2017, Red, 38569
Sedan, 2009, Black, 98053
Sedan, 2023, Black, 147748
Sedan, 2014, Black, 94315
Truck, 2011, Black, 69660
Truck, 1988, Green, 26396
Van, 2021, Blue, 198415
Truck, 1977, Blue, 236031
Minivan, 1981, Red, 219036
Sedan, 1994, Blue, 112941
Truck, 2015, Black, 8677
Minivan, 1974, Red, 83152
Sedan, 1981, Green, 24828
Car, 1991, Red, 121365
Sedan, 1993, Green, 109913
Minivan, 2012, Green, 225162
Truck, 2020, Black, 198593
Truck, 2022, Red, 81360
Truck, 2014, Green, 39872
Sedan, 2013, Red, 38105
Truck, 1982, Red, 90512
Minivan, 1982, Red, 187690
Car, 2015, Green, 218783
Car, 1987, Red, 51306
Car, 1991, Black, 67213
Sedan, 1976, Red, 94353
Van, 2011, Blue, 126666
Van, 2013, Green, 245785
Truck, 1987, Blue, 96156
Sedan, 2001, Blue, 58272
Sedan, 2016, Black, 11239
Car, 1994, Black, 218596
Car, 2023, Red, 114946
Sedan, 1987, Red, 84917
Van, 2006, Silver, 184568
Van, 1996, Silver, 153749
Sedan, 2005, Red, 118500
Sedan, 2009, Silver, 87499
Van, 1982, Red, 134419
Sedan, 2011, Red, 14155
Minivan, 1994, Red, 83317
Sedan, 2021, Red, 68431
Sedan, 1975, Blue, 98380
Truck, 1990, Green, 62209
Van, 1992, Black, 88204
Minivan, 1999, Blue, 113950
Minivan, 2017, Blue, 166649
Sedan, 2013, Black, 185412
Minivan, 1982, Black, 160747
Sedan, 2009, Blue, 181331
Minivan, 2016, Red, 74460
Minivan, 1981, Blue, 98496
Car, 1985, Red, 11416
Sedan, 2009, Black, 227789
Van, 2004, Green, 3499
Sedan, 1997, Silver, 179874
Car, 1982, Silver, 83014
Car, 2016, Red, 107959
Car, 2002, Red, 147931
Minivan, 2005, Red, 80566
Van, 1978, Silver, 31756
Truck, 2006, Red, 124285
Minivan, 1992, Blue, 138911
Sedan, 1996, Red, 116874
Sedan, 2008, Red, 59516
Minivan, 2016, Silver, 34572
Car, 1976, Silver, 205868
Van, 1989, Blue, 195960